{"cameraMode":{"drawMode":0,"name":"Shaded","section":"Shading Mode"},"sceneLighting":true,"audioPlay":false,"sceneViewState":{"showFog":true,"showMaterialUpdate":true,"showSkybox":true,"showFlares":true,"showImageEffects":true,"showParticleSystems":true},"in2DMode":false,"pivot":{"x":2.4599828720092775,"y":1.7030425071716309,"z":0.5852631330490112},"rotation":{"x":-0.2570585310459137,"y":-0.08451923727989197,"z":0.02257206104695797,"w":-0.9624281525611877},"size":11.746870040893555,"orthographic":true}