{"cameraMode":{"drawMode":0,"name":"Shaded","section":"Shading Mode"},"sceneLighting":false,"audioPlay":false,"sceneViewState":{"showFog":true,"showMaterialUpdate":true,"showSkybox":true,"showFlares":true,"showImageEffects":true,"showParticleSystems":true},"in2DMode":false,"pivot":{"x":1.6599998474121094,"y":1.2100000381469727,"z":-9.4399995803833},"rotation":{"x":-0.2570585310459137,"y":-0.08451923727989197,"z":0.02257206104695797,"w":-0.9624281525611877},"size":2.8578836917877199,"orthographic":true}