{"cameraMode":{"drawMode":0,"name":"Shaded","section":"Shading Mode"},"sceneLighting":true,"audioPlay":false,"sceneViewState":{"showFog":true,"showMaterialUpdate":false,"showSkybox":true,"showFlares":true,"showImageEffects":true,"showParticleSystems":true},"in2DMode":false,"pivot":{"x":-0.48766231536865237,"y":-0.8640928268432617,"z":1.3044524192810059},"rotation":{"x":-0.12429134547710419,"y":0.858015775680542,"z":-0.24608522653579713,"w":-0.4333621561527252},"size":10.0,"orthographic":false}